Date,Visitor,visitor_goals,Home,home_goals,goals_difference
10/12/2021,Pittsburgh Penguins,6,Tampa Bay Lightning,2,
10/12/2021,Seattle Kraken,3,Vegas Golden Knights,4,
10/13/2021,Winnipeg Jets,1,Anaheim Ducks,4,
10/13/2021,Chicago Blackhawks,2,Colorado Avalanche,4,
10/13/2021,Vancouver Canucks,2,Edmonton Oilers,3,
10/13/2021,Montreal Canadiens,1,Toronto Maple Leafs,2,
10/13/2021,New York Rangers,1,Washington Capitals,5,
10/14/2021,Montreal Canadiens,1,Buffalo Sabres,5,
10/14/2021,New York Islanders,3,Carolina Hurricanes,6,
10/14/2021,Arizona Coyotes,2,Columbus Blue Jackets,8,
10/14/2021,Tampa Bay Lightning,7,Detroit Red Wings,6,
10/14/2021,Pittsburgh Penguins,4,Florida Panthers,5,
10/14/2021,Vegas Golden Knights,2,Los Angeles Kings,6,
10/14/2021,Seattle Kraken,4,Nashville Predators,3,
10/14/2021,Dallas Stars,3,New York Rangers,2,
10/14/2021,Toronto Maple Leafs,2,Ottawa Senators,3,
10/15/2021,Minnesota Wild,2,Anaheim Ducks,1,
10/15/2021,Chicago Blackhawks,3,New Jersey Devils,4,
10/15/2021,Vancouver Canucks,5,Philadelphia Flyers,4,
10/16/2021,Dallas Stars,1,Boston Bruins,3,
10/16/2021,Arizona Coyotes,1,Buffalo Sabres,2,
10/16/2021,Seattle Kraken,1,Columbus Blue Jackets,2,
10/16/2021,St. Louis Blues,5,Colorado Avalanche,3,
10/16/2021,Vancouver Canucks,1,Detroit Red Wings,3,
10/16/2021,Calgary Flames,2,Edmonton Oilers,5,
10/16/2021,New York Islanders,1,Florida Panthers,5,
10/16/2021,Minnesota Wild,3,Los Angeles Kings,2,
10/16/2021,New York Rangers,3,Montreal Canadiens,1,
10/16/2021,Carolina Hurricanes,3,Nashville Predators,2,
10/16/2021,Chicago Blackhawks,2,Pittsburgh Penguins,5,
10/16/2021,Winnipeg Jets,3,San Jose Sharks,4,
10/16/2021,Ottawa Senators,1,Toronto Maple Leafs,3,
10/16/2021,Tampa Bay Lightning,2,Washington Capitals,1,
10/17/2021,Dallas Stars,2,Ottawa Senators,3,
10/18/2021,St. Louis Blues,7,Arizona Coyotes,4,
10/18/2021,Anaheim Ducks,3,Calgary Flames,2,
10/18/2021,Seattle Kraken,1,Philadelphia Flyers,6,
10/18/2021,New York Rangers,2,Toronto Maple Leafs,1,
10/19/2021,Vancouver Canucks,2,Buffalo Sabres,5,
10/19/2021,New York Islanders,4,Chicago Blackhawks,1,
10/19/2021,Columbus Blue Jackets,1,Detroit Red Wings,4,
10/19/2021,Anaheim Ducks,5,Edmonton Oilers,6,
10/19/2021,Winnipeg Jets,5,Minnesota Wild,6,
10/19/2021,San Jose Sharks,5,Montreal Canadiens,0,
10/19/2021,Seattle Kraken,2,New Jersey Devils,4,
10/19/2021,Los Angeles Kings,1,Nashville Predators,2,
10/19/2021,Dallas Stars,2,Pittsburgh Penguins,1,
10/19/2021,Florida Panthers,4,Tampa Bay Lightning,1,
10/19/2021,Colorado Avalanche,3,Washington Capitals,6,
10/20/2021,Boston Bruins,3,Philadelphia Flyers,6,
10/20/2021,St. Louis Blues,3,Vegas Golden Knights,1,
10/21/2021,Edmonton Oilers,5,Arizona Coyotes,1,
10/21/2021,New York Islanders,2,Columbus Blue Jackets,3,
10/21/2021,Vancouver Canucks,4,Chicago Blackhawks,1,
10/21/2021,Calgary Flames,3,Detroit Red Wings,0,
10/21/2021,Colorado Avalanche,1,Florida Panthers,4,
10/21/2021,Carolina Hurricanes,4,Montreal Canadiens,1,
10/21/2021,Washington Capitals,4,New Jersey Devils,1,
10/21/2021,New York Rangers,3,Nashville Predators,1,
10/21/2021,San Jose Sharks,2,Ottawa Senators,1,
10/21/2021,Anaheim Ducks,1,Winnipeg Jets,5,
10/22/2021,Boston Bruins,4,Buffalo Sabres,1,
10/22/2021,Los Angeles Kings,2,Dallas Stars,3,
10/22/2021,San Jose Sharks,5,Toronto Maple Leafs,3,
10/22/2021,Edmonton Oilers,5,Vegas Golden Knights,3,
10/23/2021,New York Islanders,3,Arizona Coyotes,0,
10/23/2021,Carolina Hurricanes,5,Columbus Blue Jackets,1,
10/23/2021,Anaheim Ducks,3,Minnesota Wild,4,
10/23/2021,Detroit Red Wings,1,Montreal Canadiens,6,
10/23/2021,Buffalo Sabres,1,New Jersey Devils,2,
10/23/2021,New York Rangers,3,Ottawa Senators,2,
10/23/2021,Florida Panthers,4,Philadelphia Flyers,2,
10/23/2021,Toronto Maple Leafs,1,Pittsburgh Penguins,7,
10/23/2021,Vancouver Canucks,4,Seattle Kraken,2,
10/23/2021,Los Angeles Kings,3,St. Louis Blues,7,
10/23/2021,Colorado Avalanche,4,Tampa Bay Lightning,3,
10/23/2021,Nashville Predators,4,Winnipeg Jets,6,
10/23/2021,Calgary Flames,4,Washington Capitals,3,
10/24/2021,San Jose Sharks,3,Boston Bruins,4,
10/24/2021,Detroit Red Wings,6,Chicago Blackhawks,3,
10/24/2021,Nashville Predators,5,Minnesota Wild,2,
10/24/2021,New York Islanders,2,Vegas Golden Knights,0,
10/25/2021,Tampa Bay Lightning,1,Buffalo Sabres,5,
10/25/2021,Toronto Maple Leafs,1,Carolina Hurricanes,4,
10/25/2021,Dallas Stars,1,Columbus Blue Jackets,4,
10/25/2021,Arizona Coyotes,3,Florida Panthers,5,
10/25/2021,Calgary Flames,5,New York Rangers,1,
10/25/2021,Washington Capitals,7,Ottawa Senators,5,
10/25/2021,Los Angeles Kings,0,St. Louis Blues,3,
10/26/2021,Winnipeg Jets,4,Anaheim Ducks,3,
10/26/2021,Vegas Golden Knights,3,Colorado Avalanche,1,
10/26/2021,Calgary Flames,5,New Jersey Devils,3,
10/26/2021,San Jose Sharks,1,Nashville Predators,3,
10/26/2021,Tampa Bay Lightning,5,Pittsburgh Penguins,1,
10/26/2021,Montreal Canadiens,1,Seattle Kraken,5,
10/26/2021,Minnesota Wild,3,Vancouver Canucks,2,
10/27/2021,Toronto Maple Leafs,3,Chicago Blackhawks,2,
10/27/2021,Vegas Golden Knights,3,Dallas Stars,2,
10/27/2021,Philadelphia Flyers,5,Edmonton Oilers,3,
10/27/2021,Boston Bruins,1,Florida Panthers,4,
10/27/2021,Detroit Red Wings,3,Washington Capitals,2,
10/28/2021,Buffalo Sabres,4,Anaheim Ducks,3,
10/28/2021,Boston Bruins,0,Carolina Hurricanes,3,
10/28/2021,Winnipeg Jets,3,Los Angeles Kings,2,
10/28/2021,Calgary Flames,4,Pittsburgh Penguins,0,
10/28/2021,Minnesota Wild,1,Seattle Kraken,4,
10/28/2021,Montreal Canadiens,4,San Jose Sharks,0,
10/28/2021,Colorado Avalanche,4,St. Louis Blues,3,
10/28/2021,Arizona Coyotes,1,Tampa Bay Lightning,5,
10/28/2021,Philadelphia Flyers,2,Vancouver Canucks,1,
10/29/2021,Chicago Blackhawks,3,Carolina Hurricanes,6,
10/29/2021,Ottawa Senators,4,Dallas Stars,1,
10/29/2021,Florida Panthers,3,Detroit Red Wings,2,
10/29/2021,Columbus Blue Jackets,0,New York Rangers,4,
10/29/2021,Anaheim Ducks,4,Vegas Golden Knights,5,
10/29/2021,Arizona Coyotes,0,Washington Capitals,2,
10/30/2021,Florida Panthers,2,Boston Bruins,3,
10/30/2021,Philadelphia Flyers,0,Calgary Flames,4,
10/30/2021,Minnesota Wild,1,Colorado Avalanche,4,
10/30/2021,Montreal Canadiens,2,Los Angeles Kings,5,
10/30/2021,New York Islanders,2,Nashville Predators,3,
10/30/2021,New Jersey Devils,4,Pittsburgh Penguins,2,
10/30/2021,Winnipeg Jets,1,San Jose Sharks,2,
10/30/2021,Chicago Blackhawks,0,St. Louis Blues,1,
10/30/2021,Detroit Red Wings,4,Toronto Maple Leafs,5,
10/30/2021,Edmonton Oilers,2,Vancouver Canucks,1,
10/31/2021,Montreal Canadiens,2,Anaheim Ducks,4,
10/31/2021,Arizona Coyotes,1,Carolina Hurricanes,2,
10/31/2021,Buffalo Sabres,2,Los Angeles Kings,3,
10/31/2021,Columbus Blue Jackets,4,New Jersey Devils,3,
10/31/2021,New York Rangers,3,Seattle Kraken,1,
11/1/2021,Ottawa Senators,1,Chicago Blackhawks,5,
11/1/2021,Seattle Kraken,2,Edmonton Oilers,5,
11/1/2021,Washington Capitals,2,Tampa Bay Lightning,3,
11/2/2021,New Jersey Devils,0,Anaheim Ducks,4,
11/2/2021,Nashville Predators,3,Calgary Flames,2,
11/2/2021,Ottawa Senators,4,Minnesota Wild,5,
11/2/2021,Detroit Red Wings,0,Montreal Canadiens,3,
11/2/2021,Arizona Coyotes,0,Philadelphia Flyers,3,
11/2/2021,Buffalo Sabres,3,San Jose Sharks,5,
11/2/2021,Vegas Golden Knights,0,Toronto Maple Leafs,4,
11/2/2021,New York Rangers,2,Vancouver Canucks,3,
11/2/2021,Dallas Stars,3,Winnipeg Jets,4,
11/3/2021,Carolina Hurricanes,4,Chicago Blackhawks,3,
11/3/2021,Columbus Blue Jackets,5,Colorado Avalanche,4,
11/3/2021,Nashville Predators,2,Edmonton Oilers,5,
11/3/2021,St. Louis Blues,2,Los Angeles Kings,3,
11/4/2021,Detroit Red Wings,1,Boston Bruins,5,
11/4/2021,Dallas Stars,4,Calgary Flames,3,
11/4/2021,Washington Capitals,4,Florida Panthers,5,
11/4/2021,New York Islanders,6,Montreal Canadiens,2,
11/4/2021,Vegas Golden Knights,5,Ottawa Senators,1,
11/4/2021,Philadelphia Flyers,2,Pittsburgh Penguins,3,
11/4/2021,Buffalo Sabres,2,Seattle Kraken,5,
11/4/2021,St. Louis Blues,5,San Jose Sharks,3,
11/4/2021,Tampa Bay Lightning,1,Toronto Maple Leafs,2,
11/5/2021,Arizona Coyotes,1,Anaheim Ducks,3,
11/5/2021,New York Rangers,5,Edmonton Oilers,6,
11/5/2021,New Jersey Devils,2,Los Angeles Kings,3,
11/5/2021,Nashville Predators,3,Vancouver Canucks,2,
11/5/2021,Chicago Blackhawks,1,Winnipeg Jets,5,
11/6/2021,Seattle Kraken,4,Arizona Coyotes,5,
11/6/2021,Detroit Red Wings,4,Buffalo Sabres,3,
11/6/2021,Colorado Avalanche,2,Columbus Blue Jackets,4,
11/6/2021,New York Rangers,0,Calgary Flames,6,
11/6/2021,Carolina Hurricanes,2,Florida Panthers,5,
11/6/2021,Vegas Golden Knights,5,Montreal Canadiens,2,
11/6/2021,Tampa Bay Lightning,5,Ottawa Senators,3,
11/6/2021,Minnesota Wild,5,Pittsburgh Penguins,4,
11/6/2021,New Jersey Devils,3,San Jose Sharks,2,
11/6/2021,Boston Bruins,2,Toronto Maple Leafs,5,
11/6/2021,New York Islanders,2,Winnipeg Jets,0,
11/6/2021,Philadelphia Flyers,2,Washington Capitals,1,
11/7/2021,St. Louis Blues,1,Anaheim Ducks,4,
11/7/2021,Nashville Predators,1,Chicago Blackhawks,2,
11/7/2021,Vegas Golden Knights,2,Detroit Red Wings,5,
11/7/2021,New York Islanders,2,Minnesota Wild,5,
11/7/2021,Dallas Stars,3,Vancouver Canucks,6,
11/8/2021,Florida Panthers,3,New York Rangers,4,
11/8/2021,Los Angeles Kings,5,Toronto Maple Leafs,1,
11/8/2021,Buffalo Sabres,3,Washington Capitals,5,
11/9/2021,Ottawa Senators,2,Boston Bruins,3,
11/9/2021,San Jose Sharks,4,Calgary Flames,1,
11/9/2021,Pittsburgh Penguins,2,Chicago Blackhawks,3,
11/9/2021,Edmonton Oilers,2,Detroit Red Wings,4,
11/9/2021,Los Angeles Kings,3,Montreal Canadiens,2,
11/9/2021,Florida Panthers,3,New Jersey Devils,7,
11/9/2021,Carolina Hurricanes,2,Tampa Bay Lightning,1,
11/9/2021,Anaheim Ducks,3,Vancouver Canucks,2,
11/9/2021,Seattle Kraken,2,Vegas Golden Knights,4,
11/9/2021,St. Louis Blues,3,Winnipeg Jets,2,
11/10/2021,Minnesota Wild,5,Arizona Coyotes,2,
11/10/2021,Nashville Predators,4,Dallas Stars,2,
11/10/2021,Toronto Maple Leafs,3,Philadelphia Flyers,0,
11/11/2021,Edmonton Oilers,5,Boston Bruins,3,
11/11/2021,Vancouver Canucks,1,Colorado Avalanche,7,
11/11/2021,Washington Capitals,2,Detroit Red Wings,0,
11/11/2021,Calgary Flames,2,Montreal Canadiens,4,
11/11/2021,New York Islanders,0,New Jersey Devils,4,
11/11/2021,Los Angeles Kings,2,Ottawa Senators,0,
11/11/2021,Florida Panthers,2,Pittsburgh Penguins,3,
11/11/2021,Anaheim Ducks,7,Seattle Kraken,4,
11/11/2021,Nashville Predators,4,St. Louis Blues,3,
11/11/2021,Minnesota Wild,2,Vegas Golden Knights,3,
11/11/2021,San Jose Sharks,1,Winnipeg Jets,4,
11/12/2021,Edmonton Oilers,2,Buffalo Sabres,3,
11/12/2021,Philadelphia Flyers,2,Carolina Hurricanes,1,
11/12/2021,Washington Capitals,4,Columbus Blue Jackets,3,
11/12/2021,Arizona Coyotes,1,Chicago Blackhawks,2,
11/12/2021,Calgary Flames,1,Toronto Maple Leafs,2,
11/13/2021,Toronto Maple Leafs,5,Buffalo Sabres,4,
11/13/2021,St. Louis Blues,2,Carolina Hurricanes,3,
11/13/2021,New York Rangers,5,Columbus Blue Jackets,3,
11/13/2021,San Jose Sharks,2,Colorado Avalanche,6,
11/13/2021,Philadelphia Flyers,2,Dallas Stars,5,
11/13/2021,Montreal Canadiens,2,Detroit Red Wings,3,
11/13/2021,Boston Bruins,5,New Jersey Devils,2,
11/13/2021,Arizona Coyotes,1,Nashville Predators,4,
11/13/2021,Pittsburgh Penguins,3,Ottawa Senators,6,
11/13/2021,Minnesota Wild,4,Seattle Kraken,2,
11/13/2021,Florida Panthers,2,Tampa Bay Lightning,3,
11/13/2021,Vancouver Canucks,4,Vegas Golden Knights,7,
11/13/2021,Los Angeles Kings,2,Winnipeg Jets,3,
11/14/2021,Vancouver Canucks,1,Anaheim Ducks,5,
11/14/2021,Montreal Canadiens,2,Boston Bruins,5,
11/14/2021,New Jersey Devils,3,New York Rangers,4,
11/14/2021,Calgary Flames,4,Ottawa Senators,0,
11/14/2021,Edmonton Oilers,5,St. Louis Blues,4,
11/14/2021,Pittsburgh Penguins,1,Washington Capitals,6,
11/15/2021,Detroit Red Wings,3,Columbus Blue Jackets,5,
11/15/2021,New York Islanders,1,Tampa Bay Lightning,4,
11/16/2021,Washington Capitals,2,Anaheim Ducks,3,
11/16/2021,Detroit Red Wings,2,Dallas Stars,5,
11/16/2021,New York Islanders,1,Florida Panthers,6,
11/16/2021,San Jose Sharks,4,Minnesota Wild,1,
11/16/2021,Montreal Canadiens,2,New York Rangers,3,
11/16/2021,Calgary Flames,1,Philadelphia Flyers,2,
11/16/2021,Buffalo Sabres,2,Pittsburgh Penguins,1,
11/16/2021,Arizona Coyotes,3,St. Louis Blues,2,
11/16/2021,Nashville Predators,0,Toronto Maple Leafs,3,
11/16/2021,Carolina Hurricanes,4,Vegas Golden Knights,2,
11/16/2021,Edmonton Oilers,2,Winnipeg Jets,5,
11/17/2021,Washington Capitals,2,Los Angeles Kings,0,
11/17/2021,Chicago Blackhawks,4,Seattle Kraken,2,
11/17/2021,Colorado Avalanche,4,Vancouver Canucks,2,
11/18/2021,Carolina Hurricanes,2,Anaheim Ducks,1,
11/18/2021,Columbus Blue Jackets,5,Arizona Coyotes,4,
11/18/2021,Calgary Flames,5,Buffalo Sabres,0,
11/18/2021,Winnipeg Jets,1,Edmonton Oilers,2,
11/18/2021,New Jersey Devils,1,Florida Panthers,4,
11/18/2021,Dallas Stars,2,Minnesota Wild,7,
11/18/2021,Pittsburgh Penguins,6,Montreal Canadiens,0,
11/18/2021,Tampa Bay Lightning,4,Philadelphia Flyers,3,
11/18/2021,San Jose Sharks,1,St. Louis Blues,4,
11/18/2021,New York Rangers,1,Toronto Maple Leafs,2,
11/18/2021,Detroit Red Wings,2,Vegas Golden Knights,5,
11/19/2021,Colorado Avalanche,7,Seattle Kraken,3,
11/19/2021,Winnipeg Jets,2,Vancouver Canucks,3,
11/20/2021,Detroit Red Wings,1,Arizona Coyotes,2,
11/20/2021,St. Louis Blues,1,Dallas Stars,4,
11/20/2021,Chicago Blackhawks,2,Edmonton Oilers,5,
11/20/2021,Minnesota Wild,4,Florida Panthers,5,
11/20/2021,Carolina Hurricanes,5,Los Angeles Kings,4,
11/20/2021,Nashville Predators,3,Montreal Canadiens,6,
11/20/2021,Calgary Flames,5,New York Islanders,2,
11/20/2021,Boston Bruins,5,Philadelphia Flyers,2,
11/20/2021,Washington Capitals,4,San Jose Sharks,0,
11/20/2021,New Jersey Devils,5,Tampa Bay Lightning,3,
11/20/2021,Pittsburgh Penguins,2,Toronto Maple Leafs,0,
11/20/2021,Columbus Blue Jackets,2,Vegas Golden Knights,3,
11/21/2021,Calgary Flames,4,Boston Bruins,0,
11/21/2021,Arizona Coyotes,2,Los Angeles Kings,1,
11/21/2021,Toronto Maple Leafs,3,New York Islanders,0,
11/21/2021,Buffalo Sabres,4,New York Rangers,5,
11/21/2021,Washington Capitals,2,Seattle Kraken,5,
11/21/2021,Minnesota Wild,4,Tampa Bay Lightning,5,
11/21/2021,Chicago Blackhawks,1,Vancouver Canucks,0,
11/22/2021,Columbus Blue Jackets,7,Buffalo Sabres,4,
11/22/2021,Ottawa Senators,5,Colorado Avalanche,7,
11/22/2021,Anaheim Ducks,2,Nashville Predators,3,
11/22/2021,Carolina Hurricanes,1,San Jose Sharks,2,
11/22/2021,Vegas Golden Knights,2,St. Louis Blues,5,
11/22/2021,Pittsburgh Penguins,3,Winnipeg Jets,1,
11/23/2021,Chicago Blackhawks,2,Calgary Flames,5,
11/23/2021,Edmonton Oilers,1,Dallas Stars,4,
11/23/2021,Philadelphia Flyers,0,Tampa Bay Lightning,4,
11/24/2021,Edmonton Oilers,5,Arizona Coyotes,3,
11/24/2021,Boston Bruins,5,Buffalo Sabres,1,
11/24/2021,Winnipeg Jets,0,Columbus Blue Jackets,3,
11/24/2021,Anaheim Ducks,2,Colorado Avalanche,5,
11/24/2021,St. Louis Blues,2,Detroit Red Wings,4,
11/24/2021,Philadelphia Flyers,1,Florida Panthers,2,
11/24/2021,Toronto Maple Leafs,6,Los Angeles Kings,2,
11/24/2021,Minnesota Wild,3,New Jersey Devils,2,
11/24/2021,Vegas Golden Knights,5,Nashville Predators,2,
11/24/2021,New York Rangers,4,New York Islanders,1,
11/24/2021,Vancouver Canucks,1,Pittsburgh Penguins,4,
11/24/2021,Carolina Hurricanes,1,Seattle Kraken,2,
11/24/2021,Ottawa Senators,3,San Jose Sharks,6,
11/24/2021,Montreal Canadiens,3,Washington Capitals,6,
11/26/2021,Ottawa Senators,0,Anaheim Ducks,4,
11/26/2021,New York Rangers,5,Boston Bruins,2,
11/26/2021,Montreal Canadiens,1,Buffalo Sabres,4,
11/26/2021,Vancouver Canucks,2,Columbus Blue Jackets,4,
11/26/2021,St. Louis Blues,2,Chicago Blackhawks,3,
11/26/2021,Colorado Avalanche,1,Dallas Stars,3,
11/26/2021,Winnipeg Jets,1,Minnesota Wild,7,
11/26/2021,New Jersey Devils,2,Nashville Predators,4,
11/26/2021,Pittsburgh Penguins,1,New York Islanders,0,
11/26/2021,Carolina Hurricanes,6,Philadelphia Flyers,3,
11/26/2021,Toronto Maple Leafs,4,San Jose Sharks,1,
11/26/2021,Seattle Kraken,0,Tampa Bay Lightning,3,
11/26/2021,Florida Panthers,3,Washington Capitals,4,
11/27/2021,Dallas Stars,3,Arizona Coyotes,2,
11/27/2021,Winnipeg Jets,4,Calgary Flames,2,
11/27/2021,Nashville Predators,2,Colorado Avalanche,6,
11/27/2021,Buffalo Sabres,2,Detroit Red Wings,3,
11/27/2021,Seattle Kraken,4,Florida Panthers,1,
11/27/2021,Ottawa Senators,2,Los Angeles Kings,4,
11/27/2021,Montreal Canadiens,6,Pittsburgh Penguins,3,
11/27/2021,Columbus Blue Jackets,3,St. Louis Blues,6,
11/27/2021,Edmonton Oilers,3,Vegas Golden Knights,2,
11/28/2021,Toronto Maple Leafs,5,Anaheim Ducks,1,
11/28/2021,Vancouver Canucks,2,Boston Bruins,3,
11/28/2021,Washington Capitals,4,Carolina Hurricanes,2,
11/28/2021,San Jose Sharks,2,Chicago Blackhawks,0,
11/28/2021,Tampa Bay Lightning,2,Minnesota Wild,4,
11/28/2021,Philadelphia Flyers,2,New Jersey Devils,5,
11/29/2021,Seattle Kraken,7,Buffalo Sabres,4,
11/29/2021,Pittsburgh Penguins,1,Calgary Flames,2,
11/29/2021,Vancouver Canucks,2,Montreal Canadiens,1,
11/29/2021,Arizona Coyotes,1,Winnipeg Jets,0,
11/30/2021,Detroit Red Wings,2,Boston Bruins,1,
11/30/2021,Carolina Hurricanes,1,Dallas Stars,4,
11/30/2021,Washington Capitals,4,Florida Panthers,5,
11/30/2021,Anaheim Ducks,5,Los Angeles Kings,4,
11/30/2021,Arizona Coyotes,2,Minnesota Wild,5,
11/30/2021,San Jose Sharks,5,New Jersey Devils,2,
11/30/2021,Columbus Blue Jackets,0,Nashville Predators,6,
11/30/2021,Tampa Bay Lightning,3,St. Louis Blues,4,
12/1/2021,Vegas Golden Knights,5,Anaheim Ducks,6,
12/1/2021,Seattle Kraken,3,Detroit Red Wings,4,
12/1/2021,Pittsburgh Penguins,2,Edmonton Oilers,5,
12/1/2021,Philadelphia Flyers,1,New York Rangers,4,
12/1/2021,Vancouver Canucks,6,Ottawa Senators,2,
12/1/2021,Colorado Avalanche,3,Toronto Maple Leafs,8,
12/2/2021,Ottawa Senators,3,Carolina Hurricanes,2,
12/2/2021,Columbus Blue Jackets,2,Dallas Stars,3,
12/2/2021,Buffalo Sabres,4,Florida Panthers,7,
12/2/2021,Calgary Flames,3,Los Angeles Kings,2,
12/2/2021,New Jersey Devils,2,Minnesota Wild,5,
12/2/2021,Colorado Avalanche,4,Montreal Canadiens,1,
12/2/2021,Boston Bruins,2,Nashville Predators,0,
12/2/2021,San Jose Sharks,2,New York Islanders,1,
12/2/2021,St. Louis Blues,2,Tampa Bay Lightning,4,
12/2/2021,Chicago Blackhawks,4,Washington Capitals,3,
12/3/2021,Calgary Flames,4,Anaheim Ducks,3,
12/3/2021,Vegas Golden Knights,7,Arizona Coyotes,1,
12/3/2021,San Jose Sharks,0,New York Rangers,1,
12/3/2021,Edmonton Oilers,3,Seattle Kraken,4,
12/3/2021,New Jersey Devils,4,Winnipeg Jets,8,
12/4/2021,Tampa Bay Lightning,3,Boston Bruins,2,
12/4/2021,Buffalo Sabres,2,Carolina Hurricanes,6,
12/4/2021,New York Islanders,3,Detroit Red Wings,4,
12/4/2021,St. Louis Blues,3,Florida Panthers,4,
12/4/2021,Toronto Maple Leafs,3,Minnesota Wild,4,
12/4/2021,Montreal Canadiens,3,Nashville Predators,4,
12/4/2021,Chicago Blackhawks,2,New York Rangers,3,
12/4/2021,Colorado Avalanche,5,Ottawa Senators,6,
12/4/2021,Pittsburgh Penguins,4,Vancouver Canucks,1,
12/4/2021,Columbus Blue Jackets,1,Washington Capitals,3,
12/5/2021,San Jose Sharks,4,Columbus Blue Jackets,6,
12/5/2021,Los Angeles Kings,5,Edmonton Oilers,1,
12/5/2021,Chicago Blackhawks,3,New York Islanders,2,
12/5/2021,Tampa Bay Lightning,7,Philadelphia Flyers,1,
12/5/2021,Calgary Flames,2,Vegas Golden Knights,3,
12/5/2021,Toronto Maple Leafs,3,Winnipeg Jets,6,
12/6/2021,Arizona Coyotes,1,Dallas Stars,4,
12/6/2021,Ottawa Senators,3,New Jersey Devils,2,
12/6/2021,Colorado Avalanche,7,Philadelphia Flyers,5,
12/6/2021,Pittsburgh Penguins,6,Seattle Kraken,1,
12/6/2021,Los Angeles Kings,0,Vancouver Canucks,4,
12/6/2021,Anaheim Ducks,3,Washington Capitals,4,
12/7/2021,Anaheim Ducks,2,Buffalo Sabres,0,
12/7/2021,New York Rangers,6,Chicago Blackhawks,2,
12/7/2021,Nashville Predators,5,Detroit Red Wings,2,
12/7/2021,Minnesota Wild,4,Edmonton Oilers,1,
12/7/2021,Tampa Bay Lightning,3,Montreal Canadiens,2,
12/7/2021,New York Islanders,5,Ottawa Senators,3,
12/7/2021,Calgary Flames,3,San Jose Sharks,5,
12/7/2021,Florida Panthers,3,St. Louis Blues,4,
12/7/2021,Columbus Blue Jackets,4,Toronto Maple Leafs,5,
12/7/2021,Carolina Hurricanes,4,Winnipeg Jets,2,
12/8/2021,Philadelphia Flyers,0,New Jersey Devils,3,
12/8/2021,Colorado Avalanche,7,New York Rangers,3,
12/8/2021,Boston Bruins,1,Vancouver Canucks,2,
12/8/2021,Dallas Stars,4,Vegas Golden Knights,5,
12/9/2021,Anaheim Ducks,2,Columbus Blue Jackets,1,
12/9/2021,Carolina Hurricanes,2,Calgary Flames,1,
12/9/2021,Boston Bruins,3,Edmonton Oilers,2,
12/9/2021,Dallas Stars,0,Los Angeles Kings,4,
12/9/2021,Chicago Blackhawks,2,Montreal Canadiens,0,
12/9/2021,Nashville Predators,4,New York Islanders,3,
12/9/2021,Winnipeg Jets,3,Seattle Kraken,0,
12/9/2021,Minnesota Wild,5,San Jose Sharks,2,
12/9/2021,Detroit Red Wings,2,St. Louis Blues,6,
12/9/2021,Tampa Bay Lightning,5,Toronto Maple Leafs,3,
12/10/2021,Florida Panthers,3,Arizona Coyotes,1,
12/10/2021,New York Rangers,2,Buffalo Sabres,1,
12/10/2021,Detroit Red Wings,3,Colorado Avalanche,7,
12/10/2021,Nashville Predators,3,New Jersey Devils,2,
12/10/2021,Winnipeg Jets,3,Vancouver Canucks,4,
12/10/2021,Philadelphia Flyers,4,Vegas Golden Knights,3,
12/10/2021,Pittsburgh Penguins,4,Washington Capitals,2,
12/11/2021,Philadelphia Flyers,5,Arizona Coyotes,3,
12/11/2021,Washington Capitals,3,Buffalo Sabres,2,
12/11/2021,Boston Bruins,4,Calgary Flames,2,
12/11/2021,Carolina Hurricanes,3,Edmonton Oilers,1,
12/11/2021,Minnesota Wild,1,Los Angeles Kings,2,
12/11/2021,New Jersey Devils,2,New York Islanders,4,
12/11/2021,Tampa Bay Lightning,0,Ottawa Senators,4,
12/11/2021,Anaheim Ducks,0,Pittsburgh Penguins,1,
12/11/2021,Columbus Blue Jackets,5,Seattle Kraken,4,
12/11/2021,Dallas Stars,1,San Jose Sharks,2,
12/11/2021,Montreal Canadiens,1,St. Louis Blues,4,
12/11/2021,Chicago Blackhawks,4,Toronto Maple Leafs,5,
12/12/2021,Florida Panthers,2,Colorado Avalanche,3,
12/12/2021,Nashville Predators,1,New York Rangers,0,
12/12/2021,Anaheim Ducks,3,St. Louis Blues,2,
12/12/2021,Carolina Hurricanes,1,Vancouver Canucks,2,
12/12/2021,Minnesota Wild,4,Vegas Golden Knights,6,
12/14/2021,Vegas Golden Knights,4,Boston Bruins,1,
12/14/2021,New York Rangers,2,Colorado Avalanche,4,
12/14/2021,St. Louis Blues,4,Dallas Stars,1,
12/14/2021,New York Islanders,1,Detroit Red Wings,2,
12/14/2021,Toronto Maple Leafs,5,Edmonton Oilers,1,
12/14/2021,Ottawa Senators,8,Florida Panthers,2,
12/14/2021,New Jersey Devils,1,Philadelphia Flyers,6,
12/14/2021,Montreal Canadiens,2,Pittsburgh Penguins,5,
12/14/2021,Seattle Kraken,3,San Jose Sharks,1,
12/14/2021,Los Angeles Kings,2,Tampa Bay Lightning,3,
12/14/2021,Columbus Blue Jackets,3,Vancouver Canucks,4,
12/14/2021,Buffalo Sabres,4,Winnipeg Jets,2,
12/15/2021,Seattle Kraken,1,Anaheim Ducks,4,
12/15/2021,New York Rangers,3,Arizona Coyotes,2,
12/15/2021,Washington Capitals,4,Chicago Blackhawks,5,
12/16/2021,Detroit Red Wings,3,Carolina Hurricanes,5,
12/16/2021,Columbus Blue Jackets,2,Edmonton Oilers,5,
12/16/2021,Los Angeles Kings,4,Florida Panthers,1,
12/16/2021,Buffalo Sabres,3,Minnesota Wild,2,
12/16/2021,Philadelphia Flyers,2,Montreal Canadiens,3,
12/16/2021,Vegas Golden Knights,5,New Jersey Devils,3,
12/16/2021,Colorado Avalanche,2,Nashville Predators,5,
12/16/2021,Boston Bruins,1,New York Islanders,3,
12/16/2021,Vancouver Canucks,5,San Jose Sharks,2,
12/16/2021,Ottawa Senators,1,Tampa Bay Lightning,2,
12/17/2021,Arizona Coyotes,6,Anaheim Ducks,5,
12/17/2021,Nashville Predators,3,Chicago Blackhawks,2,
12/17/2021,Vegas Golden Knights,3,New York Rangers,2,
12/17/2021,Buffalo Sabres,2,Pittsburgh Penguins,3,
12/17/2021,Dallas Stars,1,St. Louis Blues,4,
12/17/2021,Washington Capitals,5,Winnipeg Jets,2,
12/18/2021,Los Angeles Kings,1,Carolina Hurricanes,5,
12/18/2021,Chicago Blackhawks,3,Dallas Stars,4,
12/18/2021,New Jersey Devils,2,Detroit Red Wings,5,
12/18/2021,Ottawa Senators,3,Philadelphia Flyers,4,
12/18/2021,Edmonton Oilers,5,Seattle Kraken,3,
12/19/2021,Pittsburgh Penguins,3,New Jersey Devils,2,
12/19/2021,Vegas Golden Knights,4,New York Islanders,3,
12/19/2021,St. Louis Blues,2,Winnipeg Jets,4,
12/19/2021,Los Angeles Kings,3,Washington Capitals,2,
12/20/2021,Minnesota Wild,4,Dallas Stars,7,
12/21/2021,Tampa Bay Lightning,4,Vegas Golden Knights,3,
12/28/2021,Vegas Golden Knights,6,Los Angeles Kings,3,
12/28/2021,Arizona Coyotes,7,San Jose Sharks,8,
12/28/2021,Montreal Canadiens,4,Tampa Bay Lightning,5,
12/29/2021,Vancouver Canucks,2,Anaheim Ducks,1,
12/29/2021,New Jersey Devils,4,Buffalo Sabres,3,
12/29/2021,New York Rangers,3,Florida Panthers,4,
12/29/2021,Philadelphia Flyers,3,Seattle Kraken,2,
12/29/2021,Edmonton Oilers,2,St. Louis Blues,4,
12/29/2021,Nashville Predators,3,Washington Capitals,5,
12/30/2021,Montreal Canadiens,0,Carolina Hurricanes,4,
12/30/2021,Nashville Predators,3,Columbus Blue Jackets,4,
12/30/2021,Tampa Bay Lightning,3,Florida Panthers,9,
12/30/2021,Vancouver Canucks,1,Los Angeles Kings,2,
12/30/2021,Buffalo Sabres,1,New York Islanders,4,
12/30/2021,Calgary Flames,6,Seattle Kraken,4,
12/30/2021,Philadelphia Flyers,2,San Jose Sharks,3,
12/31/2021,Washington Capitals,3,Detroit Red Wings,1,
12/31/2021,Edmonton Oilers,5,New Jersey Devils,6,
12/31/2021,New York Rangers,4,Tampa Bay Lightning,3,
12/31/2021,Anaheim Ducks,1,Vegas Golden Knights,3,
1/1/2022,Buffalo Sabres,3,Boston Bruins,4,
1/1/2022,Carolina Hurricanes,7,Columbus Blue Jackets,4,
1/1/2022,Montreal Canadiens,2,Florida Panthers,5,
1/1/2022,Philadelphia Flyers,3,Los Angeles Kings,6,
1/1/2022,St. Louis Blues,6,Minnesota Wild,4,
1/1/2022,Chicago Blackhawks,1,Nashville Predators,6,
1/1/2022,Edmonton Oilers,2,New York Islanders,3,
1/1/2022,Vancouver Canucks,5,Seattle Kraken,2,
1/1/2022,Ottawa Senators,0,Toronto Maple Leafs,6,
1/2/2022,Calgary Flames,5,Chicago Blackhawks,1,
1/2/2022,Anaheim Ducks,2,Colorado Avalanche,4,
1/2/2022,Boston Bruins,5,Detroit Red Wings,1,
1/2/2022,Tampa Bay Lightning,0,New York Rangers,4,
1/2/2022,San Jose Sharks,5,Pittsburgh Penguins,8,
1/2/2022,Winnipeg Jets,5,Vegas Golden Knights,4,
1/2/2022,New Jersey Devils,4,Washington Capitals,3,
1/3/2022,Edmonton Oilers,1,New York Rangers,4,
1/4/2022,Philadelphia Flyers,1,Anaheim Ducks,4,
1/4/2022,Winnipeg Jets,3,Arizona Coyotes,1,
1/4/2022,New Jersey Devils,3,Boston Bruins,5,
1/4/2022,Tampa Bay Lightning,7,Columbus Blue Jackets,2,
1/4/2022,Colorado Avalanche,4,Chicago Blackhawks,3,
1/4/2022,San Jose Sharks,2,Detroit Red Wings,6,
1/4/2022,Calgary Flames,2,Florida Panthers,6,
1/4/2022,Nashville Predators,3,Vegas Golden Knights,2,
1/5/2022,St. Louis Blues,3,Pittsburgh Penguins,5,
1/5/2022,Edmonton Oilers,2,Toronto Maple Leafs,4,
1/6/2022,Chicago Blackhawks,4,Arizona Coyotes,6,
1/6/2022,Minnesota Wild,3,Boston Bruins,2,
1/6/2022,San Jose Sharks,3,Buffalo Sabres,2,
1/6/2022,Winnipeg Jets,1,Colorado Avalanche,7,
1/6/2022,Florida Panthers,5,Dallas Stars,6,
1/6/2022,Nashville Predators,4,Los Angeles Kings,2,
1/6/2022,Columbus Blue Jackets,1,New Jersey Devils,3,
1/6/2022,Pittsburgh Penguins,6,Philadelphia Flyers,2,
1/6/2022,Calgary Flames,1,Tampa Bay Lightning,4,
1/6/2022,New York Rangers,1,Vegas Golden Knights,5,
1/7/2022,Calgary Flames,3,Carolina Hurricanes,6,
1/7/2022,Washington Capitals,1,St. Louis Blues,5,
1/8/2022,New York Rangers,4,Anaheim Ducks,1,
1/8/2022,Nashville Predators,4,Arizona Coyotes,2,
1/8/2022,Florida Panthers,4,Carolina Hurricanes,3,
1/8/2022,New Jersey Devils,3,Columbus Blue Jackets,4,
1/8/2022,Toronto Maple Leafs,4,Colorado Avalanche,5,
1/8/2022,Pittsburgh Penguins,2,Dallas Stars,3,
1/8/2022,Detroit Red Wings,0,Los Angeles Kings,4,
1/8/2022,Washington Capitals,2,Minnesota Wild,3,
1/8/2022,San Jose Sharks,3,Philadelphia Flyers,2,
1/8/2022,Boston Bruins,5,Tampa Bay Lightning,2,
1/8/2022,Chicago Blackhawks,2,Vegas Golden Knights,1,
1/9/2022,Detroit Red Wings,3,Anaheim Ducks,4,
1/9/2022,Dallas Stars,1,St. Louis Blues,2,
1/10/2022,Seattle Kraken,3,Colorado Avalanche,4,
1/10/2022,New York Rangers,1,Los Angeles Kings,3,
1/10/2022,Boston Bruins,7,Washington Capitals,3,
1/11/2022,Pittsburgh Penguins,4,Anaheim Ducks,1,
1/11/2022,Tampa Bay Lightning,6,Buffalo Sabres,1,
1/11/2022,Chicago Blackhawks,4,Columbus Blue Jackets,2,
1/11/2022,Vancouver Canucks,2,Florida Panthers,5,
1/11/2022,Colorado Avalanche,4,Nashville Predators,5,
1/11/2022,Detroit Red Wings,2,San Jose Sharks,3,
1/11/2022,Toronto Maple Leafs,4,Vegas Golden Knights,3,
1/12/2022,Toronto Maple Leafs,1,Arizona Coyotes,2,
1/12/2022,Montreal Canadiens,1,Boston Bruins,5,
1/12/2022,Seattle Kraken,2,Dallas Stars,5,
1/13/2022,Philadelphia Flyers,2,Boston Bruins,3,
1/13/2022,Columbus Blue Jackets,6,Carolina Hurricanes,0,
1/13/2022,Ottawa Senators,4,Calgary Flames,1,
1/13/2022,Montreal Canadiens,2,Chicago Blackhawks,3,
1/13/2022,Winnipeg Jets,3,Detroit Red Wings,0,
1/13/2022,Pittsburgh Penguins,2,Los Angeles Kings,6,
1/13/2022,Buffalo Sabres,4,Nashville Predators,1,
1/13/2022,New Jersey Devils,2,New York Islanders,3,
1/13/2022,New York Rangers,3,San Jose Sharks,0,
1/13/2022,Seattle Kraken,1,St. Louis Blues,2,
1/13/2022,Vancouver Canucks,2,Tampa Bay Lightning,4,
1/14/2022,Arizona Coyotes,3,Colorado Avalanche,4,
1/14/2022,Dallas Stars,1,Florida Panthers,7,
1/14/2022,Anaheim Ducks,3,Minnesota Wild,7,
1/15/2022,Colorado Avalanche,5,Arizona Coyotes,0,
1/15/2022,Nashville Predators,3,Boston Bruins,4,
1/15/2022,Vancouver Canucks,1,Carolina Hurricanes,4,
1/15/2022,Anaheim Ducks,0,Chicago Blackhawks,3,
1/15/2022,Buffalo Sabres,0,Detroit Red Wings,4,
1/15/2022,Ottawa Senators,6,Edmonton Oilers,4,
1/15/2022,Columbus Blue Jackets,2,Florida Panthers,9,
1/15/2022,Washington Capitals,2,New York Islanders,0,
1/15/2022,New York Rangers,3,Philadelphia Flyers,2,
1/15/2022,Los Angeles Kings,3,Seattle Kraken,1,
1/15/2022,Pittsburgh Penguins,2,San Jose Sharks,1,
1/15/2022,Toronto Maple Leafs,6,St. Louis Blues,5,
1/15/2022,Dallas Stars,1,Tampa Bay Lightning,3,
1/16/2022,Vancouver Canucks,4,Washington Capitals,2,
1/17/2022,Montreal Canadiens,2,Arizona Coyotes,5,
1/17/2022,Detroit Red Wings,3,Buffalo Sabres,2,
1/17/2022,Minnesota Wild,3,Colorado Avalanche,4,
1/17/2022,Philadelphia Flyers,1,New York Islanders,4,
1/17/2022,Chicago Blackhawks,2,Seattle Kraken,3,
1/17/2022,Los Angeles Kings,2,San Jose Sharks,6,
1/17/2022,Nashville Predators,3,St. Louis Blues,5,
1/17/2022,Pittsburgh Penguins,5,Vegas Golden Knights,3,
1/18/2022,Carolina Hurricanes,7,Boston Bruins,1,
1/18/2022,Florida Panthers,1,Calgary Flames,5,
1/18/2022,Montreal Canadiens,5,Dallas Stars,3,
1/18/2022,Tampa Bay Lightning,6,Los Angeles Kings,4,
1/18/2022,Vancouver Canucks,3,Nashville Predators,1,
1/18/2022,Buffalo Sabres,3,Ottawa Senators,1,
1/18/2022,New York Islanders,4,Philadelphia Flyers,3,
1/18/2022,Winnipeg Jets,3,Washington Capitals,4,
1/19/2022,Colorado Avalanche,2,Anaheim Ducks,0,
1/19/2022,Arizona Coyotes,4,New Jersey Devils,1,
1/19/2022,Toronto Maple Leafs,3,New York Rangers,6,
1/20/2022,Washington Capitals,3,Boston Bruins,4,
1/20/2022,Dallas Stars,5,Buffalo Sabres,4,
1/20/2022,Florida Panthers,6,Edmonton Oilers,0,
1/20/2022,Colorado Avalanche,4,Los Angeles Kings,1,
1/20/2022,Winnipeg Jets,2,Nashville Predators,5,
1/20/2022,Columbus Blue Jackets,2,Philadelphia Flyers,1,
1/20/2022,Ottawa Senators,4,Pittsburgh Penguins,6,
1/20/2022,San Jose Sharks,2,Seattle Kraken,3,
1/20/2022,Montreal Canadiens,3,Vegas Golden Knights,4,
1/21/2022,Tampa Bay Lightning,1,Anaheim Ducks,5,
1/21/2022,New York Rangers,3,Carolina Hurricanes,6,
1/21/2022,Pittsburgh Penguins,5,Columbus Blue Jackets,2,
1/21/2022,Minnesota Wild,5,Chicago Blackhawks,1,
1/21/2022,Dallas Stars,5,Detroit Red Wings,4,
1/21/2022,Arizona Coyotes,0,New York Islanders,4,
1/21/2022,St. Louis Blues,5,Seattle Kraken,0,
1/21/2022,Florida Panthers,2,Vancouver Canucks,1,
1/22/2022,Winnipeg Jets,2,Boston Bruins,3,
1/22/2022,Philadelphia Flyers,3,Buffalo Sabres,6,
1/22/2022,Montreal Canadiens,2,Colorado Avalanche,3,
1/22/2022,Calgary Flames,3,Edmonton Oilers,5,
1/22/2022,Chicago Blackhawks,3,Minnesota Wild,4,
1/22/2022,Carolina Hurricanes,4,New Jersey Devils,7,
1/22/2022,Detroit Red Wings,1,Nashville Predators,4,
1/22/2022,Toronto Maple Leafs,3,New York Islanders,1,
1/22/2022,Arizona Coyotes,3,New York Rangers,7,
1/22/2022,Tampa Bay Lightning,7,San Jose Sharks,1,
1/22/2022,Ottawa Senators,2,Washington Capitals,3,
1/23/2022,Ottawa Senators,2,Columbus Blue Jackets,1,
1/23/2022,Los Angeles Kings,3,New Jersey Devils,2,
1/23/2022,Winnipeg Jets,2,Pittsburgh Penguins,3,
1/23/2022,Florida Panthers,3,Seattle Kraken,5,
1/23/2022,St. Louis Blues,3,Vancouver Canucks,1,
1/24/2022,Anaheim Ducks,5,Boston Bruins,3,
1/24/2022,St. Louis Blues,1,Calgary Flames,7,
1/24/2022,Chicago Blackhawks,0,Colorado Avalanche,2,
1/24/2022,Montreal Canadiens,2,Minnesota Wild,8,
1/24/2022,Los Angeles Kings,2,New York Rangers,3,
1/24/2022,Dallas Stars,3,Philadelphia Flyers,1,
1/24/2022,Vegas Golden Knights,1,Washington Capitals,0,
1/25/2022,Vegas Golden Knights,3,Carolina Hurricanes,4,
1/25/2022,Dallas Stars,5,New Jersey Devils,1,
1/25/2022,Philadelphia Flyers,3,New York Islanders,4,
1/25/2022,Buffalo Sabres,0,Ottawa Senators,5,
1/25/2022,Arizona Coyotes,3,Pittsburgh Penguins,6,
1/25/2022,Nashville Predators,4,Seattle Kraken,2,
1/25/2022,Edmonton Oilers,3,Vancouver Canucks,2,
1/25/2022,Florida Panthers,5,Winnipeg Jets,3,
1/26/2022,Calgary Flames,6,Columbus Blue Jackets,0,
1/26/2022,Boston Bruins,3,Colorado Avalanche,4,
1/26/2022,Chicago Blackhawks,8,Detroit Red Wings,5,
1/26/2022,Anaheim Ducks,3,Toronto Maple Leafs,4,
1/26/2022,San Jose Sharks,4,Washington Capitals,1,
1/27/2022,New York Rangers,3,Columbus Blue Jackets,5,
1/27/2022,Nashville Predators,2,Edmonton Oilers,3,
1/27/2022,Vegas Golden Knights,1,Florida Panthers,4,
1/27/2022,Anaheim Ducks,5,Montreal Canadiens,4,
1/27/2022,Los Angeles Kings,3,New York Islanders,2,
1/27/2022,Carolina Hurricanes,3,Ottawa Senators,2,
1/27/2022,Seattle Kraken,2,Pittsburgh Penguins,1,
1/27/2022,Calgary Flames,1,St. Louis Blues,5,
1/27/2022,New Jersey Devils,2,Tampa Bay Lightning,3,
1/27/2022,Vancouver Canucks,5,Winnipeg Jets,1,
1/28/2022,Boston Bruins,2,Arizona Coyotes,1,
1/28/2022,Colorado Avalanche,6,Chicago Blackhawks,4,
1/28/2022,Washington Capitals,5,Dallas Stars,0,
1/28/2022,Minnesota Wild,3,New York Rangers,2,
1/28/2022,Detroit Red Wings,3,Pittsburgh Penguins,2,
1/29/2022,Buffalo Sabres,3,Arizona Coyotes,1,
1/29/2022,New Jersey Devils,1,Carolina Hurricanes,2,
1/29/2022,Vancouver Canucks,0,Calgary Flames,1,
1/29/2022,Toronto Maple Leafs,7,Detroit Red Wings,4,
1/29/2022,San Jose Sharks,4,Florida Panthers,5,
1/29/2022,Edmonton Oilers,7,Montreal Canadiens,2,
1/29/2022,Anaheim Ducks,2,Ottawa Senators,1,
1/29/2022,Los Angeles Kings,3,Philadelphia Flyers,4,
1/29/2022,Winnipeg Jets,4,St. Louis Blues,1,
1/29/2022,Vegas Golden Knights,3,Tampa Bay Lightning,2,
1/30/2022,San Jose Sharks,1,Carolina Hurricanes,2,
1/30/2022,Buffalo Sabres,1,Colorado Avalanche,4,
1/30/2022,Boston Bruins,1,Dallas Stars,6,
1/30/2022,Columbus Blue Jackets,6,Montreal Canadiens,3,
1/30/2022,Minnesota Wild,4,New York Islanders,3,
1/30/2022,Seattle Kraken,2,New York Rangers,3,
1/30/2022,Los Angeles Kings,4,Pittsburgh Penguins,3,
1/31/2022,Florida Panthers,8,Columbus Blue Jackets,4,
1/31/2022,Vancouver Canucks,3,Chicago Blackhawks,1,
1/31/2022,Anaheim Ducks,1,Detroit Red Wings,2,
1/31/2022,Edmonton Oilers,2,Ottawa Senators,3,
1/31/2022,New Jersey Devils,4,Toronto Maple Leafs,6,
2/1/2022,Seattle Kraken,2,Boston Bruins,3,
2/1/2022,Arizona Coyotes,3,Colorado Avalanche,2,
2/1/2022,Calgary Flames,4,Dallas Stars,3,
2/1/2022,Toronto Maple Leafs,7,New Jersey Devils,1,
2/1/2022,Vancouver Canucks,2,Nashville Predators,4,
2/1/2022,Ottawa Senators,1,New York Islanders,4,
2/1/2022,Florida Panthers,2,New York Rangers,5,
2/1/2022,Winnipeg Jets,1,Philadelphia Flyers,3,
2/1/2022,Washington Capitals,4,Pittsburgh Penguins,3,
2/1/2022,San Jose Sharks,2,Tampa Bay Lightning,3,
2/1/2022,Buffalo Sabres,2,Vegas Golden Knights,5,
2/2/2022,Calgary Flames,4,Arizona Coyotes,2,
2/2/2022,Minnesota Wild,5,Chicago Blackhawks,0,
2/2/2022,Los Angeles Kings,5,Detroit Red Wings,3,
2/2/2022,Seattle Kraken,3,New York Islanders,0,
2/2/2022,Edmonton Oilers,5,Washington Capitals,3,
2/7/2022,New Jersey Devils,1,Ottawa Senators,4,
2/7/2022,Carolina Hurricanes,3,Toronto Maple Leafs,4,
2/8/2022,Pittsburgh Penguins,4,Boston Bruins,2,
2/8/2022,Vegas Golden Knights,4,Edmonton Oilers,0,
2/8/2022,New Jersey Devils,7,Montreal Canadiens,1,
2/8/2022,Carolina Hurricanes,3,Ottawa Senators,4,
2/8/2022,Arizona Coyotes,1,Vancouver Canucks,5,
2/8/2022,Minnesota Wild,0,Winnipeg Jets,2,
2/8/2022,Columbus Blue Jackets,5,Washington Capitals,4,
2/9/2022,Vegas Golden Knights,0,Calgary Flames,6,
2/9/2022,Nashville Predators,3,Dallas Stars,4,
2/9/2022,Chicago Blackhawks,4,Edmonton Oilers,1,
2/9/2022,Detroit Red Wings,6,Philadelphia Flyers,3,
2/9/2022,Arizona Coyotes,5,Seattle Kraken,2,
2/9/2022,New York Islanders,6,Vancouver Canucks,3,
2/10/2022,Carolina Hurricanes,6,Boston Bruins,0,
2/10/2022,Columbus Blue Jackets,4,Buffalo Sabres,3,
2/10/2022,Toronto Maple Leafs,2,Calgary Flames,5,
2/10/2022,Tampa Bay Lightning,2,Colorado Avalanche,3,
2/10/2022,Washington Capitals,5,Montreal Canadiens,2,
2/10/2022,Pittsburgh Penguins,2,Ottawa Senators,0,
2/10/2022,New Jersey Devils,7,St. Louis Blues,4,
2/11/2022,Seattle Kraken,4,Anaheim Ducks,3,
2/11/2022,Tampa Bay Lightning,4,Arizona Coyotes,3,
2/11/2022,Winnipeg Jets,3,Dallas Stars,4,
2/11/2022,New York Islanders,1,Edmonton Oilers,3,
2/12/2022,New York Islanders,2,Calgary Flames,5,
2/12/2022,Philadelphia Flyers,2,Detroit Red Wings,4,
2/12/2022,Carolina Hurricanes,2,Minnesota Wild,3,
2/12/2022,Columbus Blue Jackets,2,Montreal Canadiens,1,
2/12/2022,Winnipeg Jets,5,Nashville Predators,2,
2/12/2022,Boston Bruins,2,Ottawa Senators,0,
2/12/2022,Chicago Blackhawks,1,St. Louis Blues,5,
2/12/2022,Toronto Maple Leafs,2,Vancouver Canucks,3,
2/13/2022,Colorado Avalanche,4,Dallas Stars,0,
2/13/2022,Buffalo Sabres,5,Montreal Canadiens,3,
2/13/2022,Pittsburgh Penguins,4,New Jersey Devils,2,
2/13/2022,Ottawa Senators,4,Washington Capitals,1,
2/14/2022,Detroit Red Wings,4,Minnesota Wild,7,
2/14/2022,Toronto Maple Leafs,6,Seattle Kraken,2,
2/14/2022,Edmonton Oilers,3,San Jose Sharks,0,
2/14/2022,Chicago Blackhawks,3,Winnipeg Jets,1,
2/15/2022,New York Islanders,3,Buffalo Sabres,6,
2/15/2022,Columbus Blue Jackets,2,Calgary Flames,6,
2/15/2022,Dallas Stars,4,Colorado Avalanche,1,
2/15/2022,Edmonton Oilers,5,Los Angeles Kings,2,
2/15/2022,Tampa Bay Lightning,6,New Jersey Devils,3,
2/15/2022,Washington Capitals,4,Nashville Predators,1,
2/15/2022,Boston Bruins,1,New York Rangers,2,
2/15/2022,St. Louis Blues,5,Ottawa Senators,2,
2/15/2022,Philadelphia Flyers,4,Pittsburgh Penguins,5,
2/16/2022,Florida Panthers,3,Carolina Hurricanes,2,
2/16/2022,Anaheim Ducks,2,Calgary Flames,6,
2/16/2022,Colorado Avalanche,2,Vegas Golden Knights,0,
2/16/2022,Minnesota Wild,3,Winnipeg Jets,6,
2/17/2022,Ottawa Senators,3,Buffalo Sabres,1,
2/17/2022,Columbus Blue Jackets,7,Chicago Blackhawks,4,
2/17/2022,Anaheim Ducks,3,Edmonton Oilers,7,
2/17/2022,St. Louis Blues,2,Montreal Canadiens,3,
2/17/2022,Boston Bruins,1,New York Islanders,4,
2/17/2022,Detroit Red Wings,3,New York Rangers,2,
2/17/2022,Washington Capitals,5,Philadelphia Flyers,3,
2/17/2022,Vancouver Canucks,5,San Jose Sharks,4,
2/17/2022,Pittsburgh Penguins,1,Toronto Maple Leafs,4,
2/17/2022,Seattle Kraken,3,Winnipeg Jets,5,
2/18/2022,Nashville Predators,3,Carolina Hurricanes,5,
2/18/2022,Dallas Stars,1,Chicago Blackhawks,0,
2/18/2022,Florida Panthers,6,Minnesota Wild,2,
2/18/2022,Los Angeles Kings,4,Vegas Golden Knights,3,
2/19/2022,Los Angeles Kings,5,Arizona Coyotes,3,
2/19/2022,Colorado Avalanche,5,Buffalo Sabres,3,
2/19/2022,Seattle Kraken,1,Calgary Flames,2,
2/19/2022,Boston Bruins,3,Ottawa Senators,2,
2/19/2022,St. Louis Blues,6,Toronto Maple Leafs,3,
2/19/2022,Anaheim Ducks,7,Vancouver Canucks,4,
2/19/2022,Edmonton Oilers,4,Winnipeg Jets,2,
2/20/2022,Dallas Stars,1,Arizona Coyotes,3,
2/20/2022,Buffalo Sabres,3,Columbus Blue Jackets,7,
2/20/2022,Florida Panthers,5,Chicago Blackhawks,2,
2/20/2022,Minnesota Wild,7,Edmonton Oilers,3,
2/20/2022,Montreal Canadiens,3,New York Islanders,2,
2/20/2022,New York Rangers,2,Ottawa Senators,1,
2/20/2022,Carolina Hurricanes,4,Pittsburgh Penguins,3,
2/20/2022,Vegas Golden Knights,4,San Jose Sharks,1,
2/21/2022,Colorado Avalanche,1,Boston Bruins,5,
2/21/2022,Winnipeg Jets,1,Calgary Flames,3,
2/21/2022,Toronto Maple Leafs,2,Montreal Canadiens,5,
2/21/2022,Carolina Hurricanes,4,Philadelphia Flyers,3,
2/21/2022,Seattle Kraken,2,Vancouver Canucks,5,
2/22/2022,San Jose Sharks,3,Anaheim Ducks,4,
2/22/2022,Toronto Maple Leafs,3,Columbus Blue Jackets,4,
2/22/2022,Nashville Predators,6,Florida Panthers,4,
2/22/2022,Minnesota Wild,3,Ottawa Senators,4,
2/22/2022,St. Louis Blues,4,Philadelphia Flyers,1,
2/22/2022,New York Islanders,5,Seattle Kraken,2,
2/23/2022,Los Angeles Kings,3,Arizona Coyotes,2,
2/23/2022,Winnipeg Jets,2,Dallas Stars,3,
2/23/2022,Colorado Avalanche,5,Detroit Red Wings,2,
2/23/2022,Buffalo Sabres,0,Montreal Canadiens,4,
2/23/2022,Edmonton Oilers,3,Tampa Bay Lightning,5,
2/24/2022,Columbus Blue Jackets,6,Florida Panthers,3,
2/24/2022,Dallas Stars,1,Nashville Predators,2,
2/24/2022,Washington Capitals,1,New York Rangers,4,
2/24/2022,New Jersey Devils,6,Pittsburgh Penguins,1,
2/24/2022,Boston Bruins,3,Seattle Kraken,2,
2/24/2022,New York Islanders,3,San Jose Sharks,4,
2/24/2022,Minnesota Wild,1,Toronto Maple Leafs,3,
2/24/2022,Calgary Flames,1,Vancouver Canucks,7,
2/25/2022,Los Angeles Kings,4,Anaheim Ducks,1,
2/25/2022,Vegas Golden Knights,1,Arizona Coyotes,3,
2/25/2022,Columbus Blue Jackets,0,Carolina Hurricanes,4,
2/25/2022,New Jersey Devils,5,Chicago Blackhawks,8,
2/25/2022,Winnipeg Jets,3,Colorado Avalanche,6,
2/25/2022,Buffalo Sabres,3,St. Louis Blues,5,
2/26/2022,Minnesota Wild,3,Calgary Flames,7,
2/26/2022,Toronto Maple Leafs,10,Detroit Red Wings,7,
2/26/2022,Edmonton Oilers,4,Florida Panthers,3,
2/26/2022,New York Islanders,2,Los Angeles Kings,5,
2/26/2022,Tampa Bay Lightning,3,Nashville Predators,2,
2/26/2022,Montreal Canadiens,2,Ottawa Senators,1,
2/26/2022,Washington Capitals,1,Philadelphia Flyers,2,
2/26/2022,New York Rangers,0,Pittsburgh Penguins,1,
2/26/2022,Boston Bruins,3,San Jose Sharks,1,
2/26/2022,Colorado Avalanche,3,Vegas Golden Knights,2,
2/27/2022,New York Islanders,4,Anaheim Ducks,0,
2/27/2022,Winnipeg Jets,5,Arizona Coyotes,3,
2/27/2022,Edmonton Oilers,1,Carolina Hurricanes,2,
2/27/2022,Pittsburgh Penguins,3,Columbus Blue Jackets,2,
2/27/2022,St. Louis Blues,4,Chicago Blackhawks,0,
2/27/2022,Buffalo Sabres,2,Dallas Stars,4,
2/27/2022,Vancouver Canucks,5,New York Rangers,2,
2/27/2022,Seattle Kraken,1,San Jose Sharks,3,
2/28/2022,Boston Bruins,7,Los Angeles Kings,0,
2/28/2022,Vancouver Canucks,2,New Jersey Devils,7,
2/28/2022,Toronto Maple Leafs,5,Washington Capitals,3,
3/1/2022,Boston Bruins,3,Anaheim Ducks,4,
3/1/2022,New Jersey Devils,3,Columbus Blue Jackets,4,
3/1/2022,New York Islanders,3,Colorado Avalanche,5,
3/1/2022,Carolina Hurricanes,3,Detroit Red Wings,4,
3/1/2022,Calgary Flames,5,Minnesota Wild,1,
3/1/2022,Edmonton Oilers,3,Philadelphia Flyers,0,
3/1/2022,Ottawa Senators,2,Tampa Bay Lightning,5,
3/1/2022,San Jose Sharks,1,Vegas Golden Knights,3,
3/1/2022,Montreal Canadiens,4,Winnipeg Jets,8,
3/2/2022,Los Angeles Kings,3,Dallas Stars,4,
3/2/2022,St. Louis Blues,3,New York Rangers,5,
3/2/2022,Nashville Predators,3,Seattle Kraken,4,
3/2/2022,Buffalo Sabres,5,Toronto Maple Leafs,1,
3/3/2022,Colorado Avalanche,1,Arizona Coyotes,2,
3/3/2022,Montreal Canadiens,5,Calgary Flames,4,
3/3/2022,Edmonton Oilers,3,Chicago Blackhawks,4,
3/3/2022,Ottawa Senators,0,Florida Panthers,3,
3/3/2022,Vancouver Canucks,4,New York Islanders,3,
3/3/2022,Minnesota Wild,5,Philadelphia Flyers,4,
3/3/2022,Pittsburgh Penguins,5,Tampa Bay Lightning,1,
3/3/2022,Boston Bruins,5,Vegas Golden Knights,2,
3/3/2022,Carolina Hurricanes,0,Washington Capitals,4,
3/4/2022,Vegas Golden Knights,5,Anaheim Ducks,4,
3/4/2022,Minnesota Wild,4,Buffalo Sabres,5,
3/4/2022,Pittsburgh Penguins,2,Carolina Hurricanes,3,
3/4/2022,Los Angeles Kings,4,Columbus Blue Jackets,3,
3/4/2022,New Jersey Devils,1,New York Rangers,3,
3/4/2022,Detroit Red Wings,1,Tampa Bay Lightning,3,
3/4/2022,Dallas Stars,4,Winnipeg Jets,3,
3/5/2022,Ottawa Senators,5,Arizona Coyotes,8,
3/5/2022,Boston Bruins,5,Columbus Blue Jackets,4,
3/5/2022,Calgary Flames,4,Colorado Avalanche,3,
3/5/2022,Montreal Canadiens,5,Edmonton Oilers,2,
3/5/2022,Detroit Red Wings,2,Florida Panthers,6,
3/5/2022,St. Louis Blues,1,New York Islanders,2,
3/5/2022,Chicago Blackhawks,3,Philadelphia Flyers,4,
3/5/2022,Nashville Predators,8,San Jose Sharks,0,
3/5/2022,Vancouver Canucks,6,Toronto Maple Leafs,4,
3/5/2022,Seattle Kraken,2,Washington Capitals,5,
3/6/2022,San Jose Sharks,2,Anaheim Ducks,3,
3/6/2022,Los Angeles Kings,3,Buffalo Sabres,0,
3/6/2022,Seattle Kraken,2,Carolina Hurricanes,3,
3/6/2022,Tampa Bay Lightning,6,Chicago Blackhawks,3,
3/6/2022,Dallas Stars,6,Minnesota Wild,3,
3/6/2022,St. Louis Blues,2,New Jersey Devils,3,
3/6/2022,Ottawa Senators,1,Vegas Golden Knights,2,
3/6/2022,New York Rangers,4,Winnipeg Jets,1,
3/7/2022,Los Angeles Kings,3,Boston Bruins,2,
3/7/2022,Florida Panthers,6,Buffalo Sabres,1,
3/7/2022,Toronto Maple Leafs,5,Columbus Blue Jackets,4,
3/7/2022,Edmonton Oilers,1,Calgary Flames,3,
3/7/2022,Colorado Avalanche,5,New York Islanders,4,
3/8/2022,Washington Capitals,5,Calgary Flames,4,
3/8/2022,Anaheim Ducks,3,Chicago Blackhawks,8,
3/8/2022,Arizona Coyotes,9,Detroit Red Wings,2,
3/8/2022,New York Rangers,2,Minnesota Wild,5,
3/8/2022,Colorado Avalanche,3,New Jersey Devils,5,
3/8/2022,Dallas Stars,1,Nashville Predators,2,
3/8/2022,Vegas Golden Knights,1,Philadelphia Flyers,2,
3/8/2022,Florida Panthers,4,Pittsburgh Penguins,3,
3/8/2022,Ottawa Senators,4,St. Louis Blues,1,
3/8/2022,Seattle Kraken,4,Toronto Maple Leafs,6,
3/8/2022,Tampa Bay Lightning,4,Winnipeg Jets,7,
3/9/2022,Washington Capitals,3,Edmonton Oilers,4,
3/9/2022,Montreal Canadiens,3,Vancouver Canucks,5,
3/10/2022,Chicago Blackhawks,3,Boston Bruins,4,
3/10/2022,Vegas Golden Knights,1,Buffalo Sabres,3,
3/10/2022,Colorado Avalanche,0,Carolina Hurricanes,2,
3/10/2022,Tampa Bay Lightning,1,Calgary Flames,4,
3/10/2022,Minnesota Wild,6,Detroit Red Wings,5,
3/10/2022,Philadelphia Flyers,3,Florida Panthers,6,
3/10/2022,San Jose Sharks,4,Los Angeles Kings,3,
3/10/2022,Winnipeg Jets,2,New Jersey Devils,1,
3/10/2022,Anaheim Ducks,1,Nashville Predators,4,
3/10/2022,Columbus Blue Jackets,0,New York Islanders,6,
3/10/2022,Seattle Kraken,3,Ottawa Senators,4,
3/10/2022,New York Rangers,2,St. Louis Blues,6,
3/10/2022,Arizona Coyotes,5,Toronto Maple Leafs,4,
3/11/2022,Minnesota Wild,2,Columbus Blue Jackets,3,
3/11/2022,Winnipeg Jets,2,New York Islanders,5,
3/11/2022,Vegas Golden Knights,2,Pittsburgh Penguins,5,
3/11/2022,Washington Capitals,4,Vancouver Canucks,3,
3/12/2022,Arizona Coyotes,2,Boston Bruins,3,
3/12/2022,Philadelphia Flyers,1,Carolina Hurricanes,3,
3/12/2022,Detroit Red Wings,0,Calgary Flames,3,
3/12/2022,New York Rangers,7,Dallas Stars,4,
3/12/2022,Tampa Bay Lightning,1,Edmonton Oilers,4,
3/12/2022,Seattle Kraken,4,Montreal Canadiens,3,
3/12/2022,Anaheim Ducks,1,New Jersey Devils,2,
3/12/2022,St. Louis Blues,7,Nashville Predators,4,
3/12/2022,Chicago Blackhawks,6,Ottawa Senators,3,
3/12/2022,Los Angeles Kings,0,San Jose Sharks,5,
3/13/2022,Toronto Maple Leafs,2,Buffalo Sabres,5,
3/13/2022,Vegas Golden Knights,4,Columbus Blue Jackets,6,
3/13/2022,Calgary Flames,0,Colorado Avalanche,3,
3/13/2022,Florida Panthers,2,Los Angeles Kings,3,
3/13/2022,Nashville Predators,6,Minnesota Wild,2,
3/13/2022,Anaheim Ducks,3,New York Islanders,4,
3/13/2022,Montreal Canadiens,4,Philadelphia Flyers,3,
3/13/2022,Carolina Hurricanes,2,Pittsburgh Penguins,4,
3/13/2022,Winnipeg Jets,4,St. Louis Blues,3,
3/13/2022,Tampa Bay Lightning,2,Vancouver Canucks,1,
3/14/2022,Arizona Coyotes,5,Ottawa Senators,3,
3/15/2022,Boston Bruins,2,Chicago Blackhawks,1,
3/15/2022,Detroit Red Wings,5,Edmonton Oilers,7,
3/15/2022,Colorado Avalanche,3,Los Angeles Kings,0,
3/15/2022,Arizona Coyotes,6,Montreal Canadiens,3,
3/15/2022,Pittsburgh Penguins,1,Nashville Predators,4,
3/15/2022,Anaheim Ducks,3,New York Rangers,4,
3/15/2022,Florida Panthers,3,San Jose Sharks,2,
3/15/2022,Dallas Stars,0,Toronto Maple Leafs,4,
3/15/2022,New Jersey Devils,3,Vancouver Canucks,6,
3/15/2022,Vegas Golden Knights,3,Winnipeg Jets,7,
3/15/2022,New York Islanders,3,Washington Capitals,4,
3/16/2022,New Jersey Devils,3,Calgary Flames,6,
3/16/2022,Boston Bruins,2,Minnesota Wild,4,
3/16/2022,Columbus Blue Jackets,4,Ottawa Senators,1,
3/16/2022,Tampa Bay Lightning,4,Seattle Kraken,1,
3/17/2022,Washington Capitals,7,Columbus Blue Jackets,2,
3/17/2022,Buffalo Sabres,1,Edmonton Oilers,6,
3/17/2022,San Jose Sharks,0,Los Angeles Kings,3,
3/17/2022,Dallas Stars,4,Montreal Canadiens,3,
3/17/2022,New York Islanders,2,New York Rangers,1,
3/17/2022,Nashville Predators,4,Philadelphia Flyers,5,
3/17/2022,Pittsburgh Penguins,3,St. Louis Blues,2,
3/17/2022,Carolina Hurricanes,2,Toronto Maple Leafs,3,
3/17/2022,Detroit Red Wings,1,Vancouver Canucks,0,
3/17/2022,Florida Panthers,3,Vegas Golden Knights,5,
3/18/2022,Florida Panthers,3,Anaheim Ducks,0,
3/18/2022,Washington Capitals,4,Carolina Hurricanes,3,
3/18/2022,Buffalo Sabres,1,Calgary Flames,0,
3/18/2022,Philadelphia Flyers,1,Ottawa Senators,3,
3/18/2022,Colorado Avalanche,5,San Jose Sharks,3,
3/18/2022,Boston Bruins,4,Winnipeg Jets,2,
3/19/2022,Pittsburgh Penguins,4,Arizona Coyotes,1,
3/19/2022,St. Louis Blues,4,Columbus Blue Jackets,5,
3/19/2022,New Jersey Devils,3,Edmonton Oilers,6,
3/19/2022,Chicago Blackhawks,1,Minnesota Wild,3,
3/19/2022,Ottawa Senators,1,Montreal Canadiens,5,
3/19/2022,Toronto Maple Leafs,3,Nashville Predators,6,
3/19/2022,Dallas Stars,2,New York Islanders,4,
3/19/2022,Detroit Red Wings,2,Seattle Kraken,4,
3/19/2022,New York Rangers,2,Tampa Bay Lightning,1,
3/19/2022,Calgary Flames,5,Vancouver Canucks,2,
3/19/2022,Los Angeles Kings,1,Vegas Golden Knights,5,
3/20/2022,New York Rangers,2,Carolina Hurricanes,0,
3/20/2022,Winnipeg Jets,6,Chicago Blackhawks,4,
3/20/2022,New York Islanders,1,Philadelphia Flyers,2,
3/20/2022,Arizona Coyotes,2,San Jose Sharks,4,
3/20/2022,Buffalo Sabres,3,Vancouver Canucks,2,
3/20/2022,Dallas Stars,3,Washington Capitals,2,
3/21/2022,Nashville Predators,6,Anaheim Ducks,3,
3/21/2022,Edmonton Oilers,2,Colorado Avalanche,3,
3/21/2022,Vegas Golden Knights,0,Minnesota Wild,3,
3/21/2022,Boston Bruins,3,Montreal Canadiens,2,
3/22/2022,Seattle Kraken,4,Arizona Coyotes,2,
3/22/2022,Tampa Bay Lightning,2,Carolina Hurricanes,3,
3/22/2022,San Jose Sharks,4,Calgary Flames,3,
3/22/2022,Edmonton Oilers,3,Dallas Stars,5,
3/22/2022,Philadelphia Flyers,3,Detroit Red Wings,6,
3/22/2022,Nashville Predators,1,Los Angeles Kings,6,
3/22/2022,New York Rangers,4,New Jersey Devils,7,
3/22/2022,Ottawa Senators,0,New York Islanders,3,
3/22/2022,Columbus Blue Jackets,1,Pittsburgh Penguins,5,
3/22/2022,Vegas Golden Knights,0,Winnipeg Jets,4,
3/22/2022,St. Louis Blues,5,Washington Capitals,2,
3/23/2022,Chicago Blackhawks,4,Anaheim Ducks,2,
3/23/2022,Pittsburgh Penguins,3,Buffalo Sabres,4,
3/23/2022,Vancouver Canucks,3,Colorado Avalanche,1,
3/23/2022,New Jersey Devils,2,Toronto Maple Leafs,3,
3/24/2022,Tampa Bay Lightning,2,Boston Bruins,3,
3/24/2022,Dallas Stars,4,Carolina Hurricanes,3,
3/24/2022,San Jose Sharks,2,Edmonton Oilers,5,
3/24/2022,Chicago Blackhawks,4,Los Angeles Kings,3,
3/24/2022,Vancouver Canucks,2,Minnesota Wild,3,
3/24/2022,Florida Panthers,4,Montreal Canadiens,3,
3/24/2022,Detroit Red Wings,2,New York Islanders,5,
3/24/2022,Philadelphia Flyers,5,St. Louis Blues,2,
3/24/2022,Nashville Predators,1,Vegas Golden Knights,6,
3/24/2022,Ottawa Senators,5,Winnipeg Jets,2,
3/25/2022,Washington Capitals,4,Buffalo Sabres,3,
3/25/2022,Arizona Coyotes,2,Calgary Flames,4,
3/25/2022,Philadelphia Flyers,3,Colorado Avalanche,6,
3/25/2022,Pittsburgh Penguins,1,New York Rangers,5,
3/25/2022,Columbus Blue Jackets,3,Winnipeg Jets,4,
3/26/2022,New York Islanders,3,Boston Bruins,6,
3/26/2022,Edmonton Oilers,5,Calgary Flames,9,
3/26/2022,Vancouver Canucks,4,Dallas Stars,1,
3/26/2022,Tampa Bay Lightning,2,Detroit Red Wings,1,
3/26/2022,Seattle Kraken,2,Los Angeles Kings,4,
3/26/2022,Columbus Blue Jackets,2,Minnesota Wild,3,
3/26/2022,Toronto Maple Leafs,2,Montreal Canadiens,4,
3/26/2022,Florida Panthers,4,Ottawa Senators,3,
3/26/2022,Anaheim Ducks,1,San Jose Sharks,4,
3/26/2022,Carolina Hurricanes,7,St. Louis Blues,2,
3/26/2022,Chicago Blackhawks,4,Vegas Golden Knights,5,
3/26/2022,New Jersey Devils,3,Washington Capitals,4,
3/27/2022,Colorado Avalanche,2,Minnesota Wild,3,
3/27/2022,Montreal Canadiens,2,New Jersey Devils,3,
3/27/2022,Philadelphia Flyers,4,Nashville Predators,5,
3/27/2022,Tampa Bay Lightning,4,New York Islanders,1,
3/27/2022,Buffalo Sabres,4,New York Rangers,5,
3/27/2022,Detroit Red Wings,2,Pittsburgh Penguins,11,
3/27/2022,Florida Panthers,2,Toronto Maple Leafs,5,
3/27/2022,Arizona Coyotes,1,Winnipeg Jets,2,
3/28/2022,Buffalo Sabres,6,Chicago Blackhawks,5,
3/28/2022,Arizona Coyotes,1,Edmonton Oilers,6,
3/28/2022,Seattle Kraken,6,Los Angeles Kings,1,
3/28/2022,Vancouver Canucks,1,St. Louis Blues,4,
3/28/2022,Carolina Hurricanes,6,Washington Capitals,1,
3/29/2022,Dallas Stars,3,Anaheim Ducks,2,
3/29/2022,Toronto Maple Leafs,6,Boston Bruins,4,
3/29/2022,New York Islanders,4,Columbus Blue Jackets,3,
3/29/2022,Colorado Avalanche,2,Calgary Flames,1,
3/29/2022,Montreal Canadiens,4,Florida Panthers,7,
3/29/2022,Philadelphia Flyers,1,Minnesota Wild,4,
3/29/2022,Ottawa Senators,1,Nashville Predators,4,
3/29/2022,New York Rangers,3,Pittsburgh Penguins,2,
3/29/2022,Carolina Hurricanes,3,Tampa Bay Lightning,4,
3/30/2022,San Jose Sharks,2,Arizona Coyotes,5,
3/30/2022,Winnipeg Jets,3,Buffalo Sabres,2,
3/30/2022,New York Rangers,5,Detroit Red Wings,4,
3/30/2022,Los Angeles Kings,3,Edmonton Oilers,4,
3/30/2022,Vegas Golden Knights,3,Seattle Kraken,0,
3/30/2022,St. Louis Blues,4,Vancouver Canucks,3,
3/31/2022,Dallas Stars,3,Anaheim Ducks,2,
3/31/2022,New Jersey Devils,1,Boston Bruins,8,
3/31/2022,Montreal Canadiens,0,Carolina Hurricanes,4,
3/31/2022,Los Angeles Kings,3,Calgary Flames,2,
3/31/2022,San Jose Sharks,2,Colorado Avalanche,4,
3/31/2022,Chicago Blackhawks,0,Florida Panthers,4,
3/31/2022,Pittsburgh Penguins,4,Minnesota Wild,3,
3/31/2022,Columbus Blue Jackets,2,New York Islanders,5,
3/31/2022,Winnipeg Jets,3,Toronto Maple Leafs,7,
4/1/2022,Anaheim Ducks,5,Arizona Coyotes,0,
4/1/2022,Nashville Predators,3,Buffalo Sabres,4,
4/1/2022,Ottawa Senators,5,Detroit Red Wings,2,
4/1/2022,St. Louis Blues,5,Edmonton Oilers,6,
4/1/2022,New York Islanders,3,New York Rangers,0,
4/1/2022,Vegas Golden Knights,5,Seattle Kraken,2,
4/1/2022,Chicago Blackhawks,2,Tampa Bay Lightning,5,
4/2/2022,Columbus Blue Jackets,2,Boston Bruins,5,
4/2/2022,Minnesota Wild,3,Carolina Hurricanes,1,
4/2/2022,St. Louis Blues,6,Calgary Flames,4,
4/2/2022,Pittsburgh Penguins,2,Colorado Avalanche,3,
4/2/2022,Florida Panthers,7,New Jersey Devils,6,
4/2/2022,Toronto Maple Leafs,6,Philadelphia Flyers,3,
4/2/2022,Dallas Stars,5,San Jose Sharks,4,
4/2/2022,Montreal Canadiens,5,Tampa Bay Lightning,4,
4/2/2022,Los Angeles Kings,3,Winnipeg Jets,2,
4/3/2022,Edmonton Oilers,6,Anaheim Ducks,1,
4/3/2022,Florida Panthers,5,Buffalo Sabres,3,
4/3/2022,Arizona Coyotes,3,Chicago Blackhawks,2,
4/3/2022,New York Islanders,4,New Jersey Devils,3,
4/3/2022,Philadelphia Flyers,4,New York Rangers,3,
4/3/2022,Detroit Red Wings,2,Ottawa Senators,5,
4/3/2022,Dallas Stars,1,Seattle Kraken,4,
4/3/2022,Vegas Golden Knights,3,Vancouver Canucks,2,
4/3/2022,Minnesota Wild,5,Washington Capitals,1,
4/4/2022,Boston Bruins,3,Columbus Blue Jackets,2,
4/4/2022,Calgary Flames,3,Los Angeles Kings,2,
4/4/2022,Arizona Coyotes,1,St. Louis Blues,5,
4/4/2022,Toronto Maple Leafs,6,Tampa Bay Lightning,2,
4/5/2022,Carolina Hurricanes,2,Buffalo Sabres,4,
4/5/2022,New York Islanders,2,Dallas Stars,3,
4/5/2022,Boston Bruins,3,Detroit Red Wings,5,
4/5/2022,Toronto Maple Leafs,6,Florida Panthers,7,
4/5/2022,Ottawa Senators,6,Montreal Canadiens,3,
4/5/2022,New York Rangers,3,New Jersey Devils,1,
4/5/2022,Minnesota Wild,2,Nashville Predators,6,
4/5/2022,Columbus Blue Jackets,4,Philadelphia Flyers,2,
4/5/2022,Colorado Avalanche,6,Pittsburgh Penguins,4,
4/5/2022,Edmonton Oilers,2,San Jose Sharks,1,
4/6/2022,Calgary Flames,4,Anaheim Ducks,2,
4/6/2022,Seattle Kraken,1,St. Louis Blues,4,
4/6/2022,Vancouver Canucks,5,Vegas Golden Knights,1,
4/6/2022,Detroit Red Wings,3,Winnipeg Jets,1,
4/6/2022,Tampa Bay Lightning,3,Washington Capitals,4,
4/7/2022,Vancouver Canucks,5,Arizona Coyotes,1,
4/7/2022,Buffalo Sabres,3,Carolina Hurricanes,5,
4/7/2022,Philadelphia Flyers,4,Columbus Blue Jackets,1,
4/7/2022,Seattle Kraken,2,Chicago Blackhawks,0,
4/7/2022,Toronto Maple Leafs,4,Dallas Stars,3,
4/7/2022,Edmonton Oilers,3,Los Angeles Kings,2,
4/7/2022,Montreal Canadiens,7,New Jersey Devils,4,
4/7/2022,Pittsburgh Penguins,0,New York Rangers,3,
4/7/2022,Nashville Predators,3,Ottawa Senators,2,
4/7/2022,Calgary Flames,4,San Jose Sharks,2,
4/8/2022,New York Islanders,2,Carolina Hurricanes,1,
4/8/2022,Buffalo Sabres,3,Florida Panthers,4,
4/8/2022,Minnesota Wild,3,St. Louis Blues,4,
4/8/2022,Boston Bruins,2,Tampa Bay Lightning,1,
4/8/2022,Colorado Avalanche,5,Winnipeg Jets,4,
4/9/2022,New Jersey Devils,3,Dallas Stars,1,
4/9/2022,Columbus Blue Jackets,5,Detroit Red Wings,4,
4/9/2022,Colorado Avalanche,2,Edmonton Oilers,1,
4/9/2022,Florida Panthers,4,Nashville Predators,1,
4/9/2022,Ottawa Senators,1,New York Rangers,5,
4/9/2022,Anaheim Ducks,5,Philadelphia Flyers,3,
4/9/2022,Washington Capitals,6,Pittsburgh Penguins,3,
4/9/2022,Calgary Flames,4,Seattle Kraken,1,
4/9/2022,New York Islanders,1,St. Louis Blues,6,
4/9/2022,Montreal Canadiens,2,Toronto Maple Leafs,3,
4/9/2022,San Jose Sharks,2,Vancouver Canucks,4,
4/9/2022,Arizona Coyotes,1,Vegas Golden Knights,6,
4/10/2022,Anaheim Ducks,2,Carolina Hurricanes,5,
4/10/2022,Dallas Stars,6,Chicago Blackhawks,4,
4/10/2022,Los Angeles Kings,3,Minnesota Wild,6,
4/10/2022,Winnipeg Jets,4,Ottawa Senators,3,
4/10/2022,Nashville Predators,2,Pittsburgh Penguins,3,
4/10/2022,Buffalo Sabres,0,Tampa Bay Lightning,5,
4/10/2022,Boston Bruins,2,Washington Capitals,4,
4/11/2022,Winnipeg Jets,4,Montreal Canadiens,2,
4/12/2022,New Jersey Devils,6,Arizona Coyotes,2,
4/12/2022,St. Louis Blues,4,Boston Bruins,2,
4/12/2022,Seattle Kraken,3,Calgary Flames,5,
4/12/2022,Los Angeles Kings,5,Chicago Blackhawks,2,
4/12/2022,Tampa Bay Lightning,0,Dallas Stars,1,
4/12/2022,Ottawa Senators,4,Detroit Red Wings,1,
4/12/2022,Anaheim Ducks,2,Florida Panthers,3,
4/12/2022,Edmonton Oilers,1,Minnesota Wild,5,
4/12/2022,San Jose Sharks,0,Nashville Predators,1,
4/12/2022,Pittsburgh Penguins,4,New York Islanders,5,
4/12/2022,Carolina Hurricanes,4,New York Rangers,2,
4/12/2022,Buffalo Sabres,5,Toronto Maple Leafs,2,
4/12/2022,Vegas Golden Knights,4,Vancouver Canucks,5,
4/12/2022,Philadelphia Flyers,2,Washington Capitals,9,
4/13/2022,Montreal Canadiens,1,Columbus Blue Jackets,5,
4/13/2022,Los Angeles Kings,3,Colorado Avalanche,9,
4/13/2022,New York Rangers,4,Philadelphia Flyers,0,
4/14/2022,Ottawa Senators,3,Boston Bruins,2,
4/14/2022,St. Louis Blues,6,Buffalo Sabres,2,
4/14/2022,Detroit Red Wings,3,Carolina Hurricanes,0,
4/14/2022,Vegas Golden Knights,6,Calgary Flames,1,
4/14/2022,San Jose Sharks,4,Chicago Blackhawks,5,
4/14/2022,New Jersey Devils,1,Colorado Avalanche,3,
4/14/2022,Minnesota Wild,3,Dallas Stars,2,
4/14/2022,Edmonton Oilers,4,Nashville Predators,0,
4/14/2022,New York Islanders,3,Pittsburgh Penguins,6,
4/14/2022,Anaheim Ducks,3,Tampa Bay Lightning,4,
4/14/2022,Washington Capitals,3,Toronto Maple Leafs,7,
4/14/2022,Arizona Coyotes,1,Vancouver Canucks,7,
4/15/2022,Winnipeg Jets,1,Florida Panthers,6,
4/15/2022,New York Islanders,3,Montreal Canadiens,0,
4/16/2022,Pittsburgh Penguins,1,Boston Bruins,2,
4/16/2022,Philadelphia Flyers,3,Buffalo Sabres,4,
4/16/2022,Arizona Coyotes,1,Calgary Flames,9,
4/16/2022,Carolina Hurricanes,4,Colorado Avalanche,7,
4/16/2022,San Jose Sharks,1,Dallas Stars,2,
4/16/2022,Vegas Golden Knights,0,Edmonton Oilers,4,
4/16/2022,Columbus Blue Jackets,1,Los Angeles Kings,2,
4/16/2022,Washington Capitals,8,Montreal Canadiens,4,
4/16/2022,Chicago Blackhawks,3,Nashville Predators,4,
4/16/2022,Detroit Red Wings,0,New York Rangers,4,
4/16/2022,Toronto Maple Leafs,5,Ottawa Senators,4,
4/16/2022,New Jersey Devils,3,Seattle Kraken,4,
4/16/2022,Minnesota Wild,5,St. Louis Blues,6,
4/16/2022,Winnipeg Jets,4,Tampa Bay Lightning,7,
4/17/2022,Columbus Blue Jackets,4,Anaheim Ducks,6,
4/17/2022,Florida Panthers,6,Detroit Red Wings,1,
4/17/2022,San Jose Sharks,4,Minnesota Wild,5,
4/17/2022,St. Louis Blues,8,Nashville Predators,3,
4/17/2022,Buffalo Sabres,5,Philadelphia Flyers,3,
4/17/2022,New York Islanders,2,Toronto Maple Leafs,4,
4/18/2022,Carolina Hurricanes,5,Arizona Coyotes,3,
4/18/2022,Calgary Flames,5,Chicago Blackhawks,2,
4/18/2022,Washington Capitals,3,Colorado Avalanche,2,
4/18/2022,Ottawa Senators,2,Seattle Kraken,4,
4/18/2022,Dallas Stars,2,Vancouver Canucks,6,
4/18/2022,New Jersey Devils,3,Vegas Golden Knights,2,
4/19/2022,Los Angeles Kings,2,Anaheim Ducks,1,
4/19/2022,Minnesota Wild,2,Montreal Canadiens,0,
4/19/2022,Calgary Flames,2,Nashville Predators,3,
4/19/2022,Florida Panthers,3,New York Islanders,2,
4/19/2022,Winnipeg Jets,0,New York Rangers,3,
4/19/2022,Columbus Blue Jackets,2,San Jose Sharks,3,
4/19/2022,Boston Bruins,3,St. Louis Blues,2,
4/19/2022,Detroit Red Wings,4,Tampa Bay Lightning,3,
4/19/2022,Philadelphia Flyers,2,Toronto Maple Leafs,5,
4/19/2022,Ottawa Senators,4,Vancouver Canucks,3,
4/20/2022,Chicago Blackhawks,4,Arizona Coyotes,3,
4/20/2022,Dallas Stars,2,Edmonton Oilers,5,
4/20/2022,Colorado Avalanche,2,Seattle Kraken,3,
4/20/2022,Washington Capitals,3,Vegas Golden Knights,4,
4/21/2022,Winnipeg Jets,2,Carolina Hurricanes,4,
4/21/2022,Dallas Stars,2,Calgary Flames,4,
4/21/2022,Detroit Red Wings,2,Florida Panthers,5,
4/21/2022,Chicago Blackhawks,1,Los Angeles Kings,4,
4/21/2022,Vancouver Canucks,3,Minnesota Wild,6,
4/21/2022,Philadelphia Flyers,6,Montreal Canadiens,3,
4/21/2022,Buffalo Sabres,5,New Jersey Devils,2,
4/21/2022,New York Rangers,6,New York Islanders,3,
4/21/2022,Boston Bruins,0,Pittsburgh Penguins,4,
4/21/2022,St. Louis Blues,3,San Jose Sharks,1,
4/21/2022,Toronto Maple Leafs,1,Tampa Bay Lightning,8,
4/22/2022,Washington Capitals,2,Arizona Coyotes,0,
4/22/2022,Ottawa Senators,2,Columbus Blue Jackets,1,
4/22/2022,Colorado Avalanche,3,Edmonton Oilers,6,
4/22/2022,Seattle Kraken,3,Minnesota Wild,6,
4/23/2022,St. Louis Blues,5,Arizona Coyotes,4,
4/23/2022,New York Rangers,1,Boston Bruins,3,
4/23/2022,New York Islanders,3,Buffalo Sabres,5,
4/23/2022,Vancouver Canucks,3,Calgary Flames,6,
4/23/2022,Seattle Kraken,2,Dallas Stars,3,
4/23/2022,Pittsburgh Penguins,7,Detroit Red Wings,2,
4/23/2022,Toronto Maple Leafs,2,Florida Panthers,3,
4/23/2022,Anaheim Ducks,2,Los Angeles Kings,4,
4/23/2022,Carolina Hurricanes,3,New Jersey Devils,2,
4/23/2022,Montreal Canadiens,4,Ottawa Senators,6,
4/23/2022,Chicago Blackhawks,1,San Jose Sharks,4,
4/23/2022,Nashville Predators,2,Tampa Bay Lightning,6,
4/24/2022,St. Louis Blues,6,Anaheim Ducks,3,
4/24/2022,Edmonton Oilers,2,Columbus Blue Jackets,5,
4/24/2022,Tampa Bay Lightning,8,Florida Panthers,4,
4/24/2022,Boston Bruins,5,Montreal Canadiens,3,
4/24/2022,Detroit Red Wings,3,New Jersey Devils,0,
4/24/2022,Minnesota Wild,5,Nashville Predators,4,
4/24/2022,Carolina Hurricanes,5,New York Islanders,2,
4/24/2022,Pittsburgh Penguins,1,Philadelphia Flyers,4,
4/24/2022,San Jose Sharks,5,Vegas Golden Knights,4,
4/24/2022,Colorado Avalanche,1,Winnipeg Jets,4,
4/24/2022,Toronto Maple Leafs,4,Washington Capitals,3,
4/25/2022,Philadelphia Flyers,1,Chicago Blackhawks,3,
4/26/2022,Florida Panthers,2,Boston Bruins,4,
4/26/2022,St. Louis Blues,3,Colorado Avalanche,5,
4/26/2022,Vegas Golden Knights,2,Dallas Stars,3,
4/26/2022,Arizona Coyotes,5,Minnesota Wild,3,
4/26/2022,Calgary Flames,5,Nashville Predators,4,
4/26/2022,Carolina Hurricanes,4,New York Rangers,3,
4/26/2022,New Jersey Devils,4,Ottawa Senators,5,
4/26/2022,Edmonton Oilers,5,Pittsburgh Penguins,1,
4/26/2022,Anaheim Ducks,5,San Jose Sharks,2,
4/26/2022,Columbus Blue Jackets,1,Tampa Bay Lightning,4,
4/26/2022,Detroit Red Wings,0,Toronto Maple Leafs,3,
4/26/2022,Seattle Kraken,2,Vancouver Canucks,5,
4/26/2022,New York Islanders,4,Washington Capitals,1,
4/27/2022,Vegas Golden Knights,3,Chicago Blackhawks,4,
4/27/2022,Arizona Coyotes,4,Dallas Stars,3,
4/27/2022,Montreal Canadiens,4,New York Rangers,3,
4/27/2022,Los Angeles Kings,5,Seattle Kraken,3,
4/27/2022,Philadelphia Flyers,0,Winnipeg Jets,4,
4/28/2022,Buffalo Sabres,0,Boston Bruins,5,
4/28/2022,New Jersey Devils,3,Carolina Hurricanes,6,
4/28/2022,Tampa Bay Lightning,2,Columbus Blue Jackets,5,
4/28/2022,Nashville Predators,5,Colorado Avalanche,4,
4/28/2022,San Jose Sharks,4,Edmonton Oilers,5,
4/28/2022,Calgary Flames,2,Minnesota Wild,3,
4/28/2022,Washington Capitals,1,New York Islanders,5,
4/28/2022,Florida Panthers,4,Ottawa Senators,0,
4/28/2022,Los Angeles Kings,2,Vancouver Canucks,3,
4/29/2022,Nashville Predators,4,Arizona Coyotes,5,
4/29/2022,Chicago Blackhawks,2,Buffalo Sabres,3,
4/29/2022,Anaheim Ducks,2,Dallas Stars,4,
4/29/2022,Vancouver Canucks,2,Edmonton Oilers,3,
4/29/2022,Colorado Avalanche,1,Minnesota Wild,4,
4/29/2022,Florida Panthers,2,Montreal Canadiens,10,
4/29/2022,Detroit Red Wings,5,New Jersey Devils,3,
4/29/2022,Tampa Bay Lightning,6,New York Islanders,4,
4/29/2022,Washington Capitals,2,New York Rangers,3,
4/29/2022,Ottawa Senators,4,Philadelphia Flyers,2,
4/29/2022,Columbus Blue Jackets,3,Pittsburgh Penguins,5,
4/29/2022,San Jose Sharks,0,Seattle Kraken,3,
4/29/2022,Vegas Golden Knights,7,St. Louis Blues,4,
4/29/2022,Boston Bruins,2,Toronto Maple Leafs,5,
4/29/2022,Calgary Flames,1,Winnipeg Jets,3,
5/1/2022,Seattle Kraken,3,Winnipeg Jets,4,
